{"cameraMode":{"drawMode":0,"name":"Shaded","section":"Shading Mode"},"sceneLighting":false,"audioPlay":false,"sceneViewState":{"showFog":true,"showMaterialUpdate":false,"showSkybox":false,"showFlares":true,"showImageEffects":true,"showParticleSystems":true},"in2DMode":false,"pivot":{"x":-1.2740000486373902,"y":0.5339999198913574,"z":-0.047711923718452457},"rotation":{"x":-0.0016490401467308403,"y":0.9954944252967835,"z":-0.09315971285104752,"w":-0.017621174454689027},"size":2.359490156173706,"orthographic":false}