{"cameraMode":{"drawMode":0,"name":"Shaded","section":"Shading Mode"},"sceneLighting":false,"audioPlay":false,"sceneViewState":{"showFog":true,"showMaterialUpdate":false,"showSkybox":false,"showFlares":true,"showImageEffects":true,"showParticleSystems":true},"in2DMode":false,"pivot":{"x":0.34529733657836916,"y":-0.12874996662139893,"z":0.008284643292427063},"rotation":{"x":-0.09806035459041596,"y":0.042875856161117557,"z":-0.0042292228899896149,"w":-0.994250476360321},"size":1.2206076383590699,"orthographic":false}